"rgn_id","pressure_score"
3,0.0298049
1,0.0298049
2,0.0298049
