"rgn_id","pressure_score"
3,0.229455707232065
1,0.229455707232065
2,0.229455707232065
