"rgn_id","pressure_score"
3,0.35460437135888
1,0.35460437135888
2,0.35460437135888
