"rgn_id","pressure_score"
3,0.876923686042983
1,0.876923686042983
2,0.876923686042983
