"rgn_id","trend"
3,0.00411374301010909
1,0.00411374301010909
2,0.00411374301010909
