"rgn_id","trend.score"
3,0.131629929075317
1,0.131629929075317
2,0.131629929075317
