"rgn_id","trend"
3,-0.015098791960566
1,-0.015098791960566
2,-0.015098791960566
