"rgn_id","saup_id","prop_area"
3,616,0.600240573743769
1,616,0.00491362068189346
2,616,0.394845805574337
