"rgn_id","resilience.score"
3,0.816727272727273
1,0.816727272727273
2,0.816727272727273
