"rgn_id","resilience.score"
3,0.791505431297106
1,0.791505431297106
2,0.791505431297106
