"rgn_id","resilience.score"
3,0.751629073472829
1,0.751629073472829
2,0.751629073472829
