"rgn_id","pressure_score"
3,0.12146298359131
1,0.12146298359131
2,0.12146298359131
