"rgn_id","pressure_score"
3,0.110438670956145
1,0.110438670956145
2,0.110438670956145
