"rgn_id","pressure_score"
3,0.368347024811958
1,0.368347024811958
2,0.368347024811958
