"rgn_id","habitat","trend"
3,"soft_bottom",0.000225037743803114
1,"soft_bottom",0.000225037743803114
2,"soft_bottom",0.000225037743803114
3,"saltmarsh",0
1,"saltmarsh",0
2,"saltmarsh",0
3,"seaice_edge",0.0104665704665723
1,"seaice_edge",0.0104665704665723
2,"seaice_edge",0.0104665704665723
