"rgn_id","resilience.score"
3,0.909090909090909
1,0.909090909090909
2,0.909090909090909
