"rgn_id","pressure_score"
1,0.0105703804002126
2,0.0491899316106168
3,0.0797066879891706
