"rgn_id","score"
3,0.637142857142857
1,0.637142857142857
2,0.637142857142857
