"rgn_id","resilience.score"
3,0.286266235877
1,0.286266235877
2,0.286266235877
