"rgn_id","resilience.score"
3,0.708333333333333
1,0.708333333333333
2,0.708333333333333
