"rgn_id","pressure_score"
3,0.46248746316435
1,0.46248746316435
2,0.46248746316435
