"rgn_id","pressure_score"
3,0.183730956474647
1,0.183730956474647
2,0.183730956474647
