"rgn_id","pressure_score"
3,0.310258
1,0.310258
2,0.310258
