"rgn_id","pressure_score"
3,0.0618079
1,0.0618079
2,0.0618079
