"rgn_id","pressure_score"
3,0.400921796950729
1,0.400921796950729
2,0.400921796950729
