"rgn_id","pressure_score"
3,0.559468802055324
1,0.559468802055324
2,0.559468802055324
