"rgn_id","pressures.score"
3,0.009083132323581
1,0.009083132323581
2,0.009083132323581
