"rgn_id","score"
3,0.898708287738686
1,0.898708287738686
2,0.898708287738686
