"rgn_id","score"
3,0.916357214983825
1,0.916357214983825
2,0.916357214983825
