"rgn_id","score"
3,-0.101657607473091
1,-0.101657607473091
2,-0.101657607473091
