"rgn_id","score"
3,0.331992286050903
1,0.331992286050903
2,0.331992286050903
