"rgn_id","score"
3,0.668007713949097
1,0.668007713949097
2,0.668007713949097
